id,image_url,category
IMG0001,https://lumargo.pl/wp-content/uploads/2023/02/IMG_50851-768x1024-1.jpg,blaty
IMG0002,https://lumargo.pl/wp-content/uploads/2023/02/IMG_0230-1920x1440.jpeg,blaty
IMG0003,https://lumargo.pl/wp-content/uploads/2023/02/IMG_0227-1920x1440.jpeg,blaty
IMG0004,https://lumargo.pl/wp-content/uploads/2023/02/IMG_5358-1024x768-1.jpg,blaty
IMG0005,https://lumargo.pl/wp-content/uploads/2023/02/IMG_5355-1024x768-1-rotated.jpg,blaty
IMG0006,https://lumargo.pl/wp-content/uploads/2023/02/IMG_4155-1920x1440.jpg,blaty
IMG0007,https://lumargo.pl/wp-content/uploads/2023/02/IMG_3438-1920x1440.jpg,blaty
IMG0008,https://lumargo.pl/wp-content/uploads/2023/02/IMG_3434-2-1920x1440.jpg,blaty
IMG0009,https://lumargo.pl/wp-content/uploads/2023/02/IMG_3239-1024x768-1.jpg,blaty
IMG0010,https://lumargo.pl/wp-content/uploads/2023/02/FB_IMG_1424029137124.jpg,blaty
IMG0011,https://lumargo.pl/wp-content/uploads/2023/02/DSC03744-1024x681-2.jpg,blaty
IMG0012,https://lumargo.pl/wp-content/uploads/2023/02/DSC03731-1024x681-1.jpg,blaty
IMG0013,https://lumargo.pl/wp-content/uploads/2023/02/DSC03724.jpg,blaty
IMG0014,https://lumargo.pl/wp-content/uploads/2023/02/blat-konglomerat.jpg,blaty
IMG0015,https://lumargo.pl/wp-content/uploads/2023/02/20121208960-1024x691-1.jpg,blaty
IMG0016,https://lumargo.pl/wp-content/uploads/2023/02/FB_IMG_1619281793749.jpg,blaty
IMG0017,https://lumargo.pl/wp-content/uploads/2023/02/FB_IMG_1619281770390.jpg,blaty
IMG0018,https://lumargo.pl/wp-content/uploads/2023/02/FB_IMG_1619281767211.jpg,blaty
IMG0019,https://lumargo.pl/wp-content/uploads/2023/02/20210325_170557-1920x2560.jpg,blaty
IMG0020,https://lumargo.pl/wp-content/uploads/2023/02/20201029_151440-1920x909.jpg,blaty
IMG0021,https://lumargo.pl/wp-content/uploads/2023/02/20200614_110741-1920x1400.jpg,blaty
IMG0022,https://lumargo.pl/wp-content/uploads/2023/02/20200612_145742-1920x909.jpg,blaty
IMG0023,https://lumargo.pl/wp-content/uploads/2023/02/PicsArt_1411843364262-768x1024-1.jpg,schody
IMG0024,https://lumargo.pl/wp-content/uploads/2023/02/PicsArt_1411843196080.jpg,schody
IMG0025,https://lumargo.pl/wp-content/uploads/2023/02/IMG_20131115_053514-1920x1405.jpg,schody
IMG0026,https://lumargo.pl/wp-content/uploads/2023/02/IMG_20131020_045140-1024x681-1.jpg,schody
IMG0027,https://lumargo.pl/wp-content/uploads/2023/02/IMG_5823-1024x768-1.jpg,schody
IMG0028,https://lumargo.pl/wp-content/uploads/2023/02/IMG_5821-1920x1440.jpg,schody
IMG0029,https://lumargo.pl/wp-content/uploads/2023/02/IMG_5338-1024x768-1-rotated.jpg,schody
IMG0030,https://lumargo.pl/wp-content/uploads/2023/02/IMG_5223-1024x768-1-rotated.jpg,schody
IMG0031,https://lumargo.pl/wp-content/uploads/2023/02/IMG_5091-768x1154-1.jpg,schody
IMG0032,https://lumargo.pl/wp-content/uploads/2023/02/IMG_5090.jpg,schody
IMG0033,https://lumargo.pl/wp-content/uploads/2023/02/IMG_5089-682x1024-1.jpg,schody
IMG0034,https://lumargo.pl/wp-content/uploads/2023/02/IMG_4298-1920x1440.jpg,schody
IMG0035,https://lumargo.pl/wp-content/uploads/2023/02/IMG_4284-edytowany-768x1024-1.jpg,schody
IMG0036,https://lumargo.pl/wp-content/uploads/2023/02/DSC03751.jpg,schody
IMG0037,https://lumargo.pl/wp-content/uploads/2023/02/DSC03746.jpg,schody
IMG0038,https://lumargo.pl/wp-content/uploads/2023/02/DSC02391-790x1024-1.jpg,schody
IMG0039,https://lumargo.pl/wp-content/uploads/2023/02/DSC02384-774x1024-1.jpg,schody
IMG0040,https://lumargo.pl/wp-content/uploads/2023/02/DSC_2203-1024x680-1.jpg,schody
IMG0041,https://lumargo.pl/wp-content/uploads/2023/02/DSC_1122-1024x680-1.jpg,schody
IMG0042,https://lumargo.pl/wp-content/uploads/2023/02/DSC_1114-1024x680-1.jpg,schody
IMG0043,https://lumargo.pl/wp-content/uploads/2023/02/DSC_00822-1024x690-1.jpg,schody
IMG0044,https://lumargo.pl/wp-content/uploads/2023/02/20120628760-1024x491-1.jpg,schody
IMG0045,https://lumargo.pl/wp-content/uploads/2023/02/20111105468-1024x574-1.jpg,schody
IMG0046,https://lumargo.pl/wp-content/uploads/2023/02/20141029_121439-1024x768-1.jpg,schody
IMG0047,https://lumargo.pl/wp-content/uploads/2023/02/20140812_075623-1024x768-1.jpg,schody
IMG0048,https://lumargo.pl/wp-content/uploads/2023/02/20140812_075548-1024x768-1-rotated.jpg,schody
IMG0049,https://lumargo.pl/wp-content/uploads/2023/02/20140716_195539-1024x768-1.jpg,schody
IMG0050,https://lumargo.pl/wp-content/uploads/2023/02/13413584_1030093647044111_3614185053121733920_n1.jpg,schody
IMG0051,https://lumargo.pl/wp-content/uploads/2023/02/13406837_1030093973710745_6729692610601156524_n1.jpg,schody
IMG0052,https://lumargo.pl/wp-content/uploads/2023/02/12670093_956255684427908_6466663105014805059_n.jpg,schody
IMG0053,https://lumargo.pl/wp-content/uploads/2023/02/12592462_956270881093055_36710670501952930_n.jpg,schody
IMG0054,https://lumargo.pl/wp-content/uploads/2023/02/12191798_911167962270014_7407140072113976892_n.jpg,schody
IMG0055,https://lumargo.pl/wp-content/uploads/2023/02/12118718_911168402269970_7132772255963521728_n.jpg,schody
IMG0056,https://lumargo.pl/wp-content/uploads/2023/02/12049507_911167642270046_6136322107610323421_n.jpg,schody
IMG0057,https://lumargo.pl/wp-content/uploads/2023/02/11898624_886279311425546_6731288851351206666_n.jpg,schody
IMG0058,https://lumargo.pl/wp-content/uploads/2023/02/11813283_874758439244300_5371808847417895271_n.jpg,schody
IMG0059,https://lumargo.pl/wp-content/uploads/2023/02/11229972_874758335910977_4958273058395771745_n.jpg,schody
IMG0060,https://lumargo.pl/wp-content/uploads/2023/02/11215109_830498360336975_2052675920085661006_n.jpg,schody
IMG0061,https://lumargo.pl/wp-content/uploads/2023/02/11209393_830133573706787_9102926796790817990_n.jpg,schody
IMG0062,https://lumargo.pl/wp-content/uploads/2023/02/10396295_830132907040187_608260213407258714_n.jpg,schody
IMG0063,https://lumargo.pl/wp-content/uploads/2023/02/10176263_976986939021449_2306289728278375514_n.jpg,schody
IMG0064,https://lumargo.pl/wp-content/uploads/2023/02/1468787_976986529021490_9116531547605537876_n.jpg,schody
IMG0065,https://lumargo.pl/wp-content/uploads/2023/02/20220512_160806-1920x909.jpg,schody
IMG0066,https://lumargo.pl/wp-content/uploads/2023/02/20211030_151948-scaled.jpg,schody
IMG0067,https://lumargo.pl/wp-content/uploads/2023/02/20211030_152054-1920x910.jpg,schody
IMG0068,https://lumargo.pl/wp-content/uploads/2023/02/20210720_134557-1920x909.jpg,schody
IMG0069,https://lumargo.pl/wp-content/uploads/2023/02/20210226_105344-1920x1351.jpg,schody
IMG0070,https://lumargo.pl/wp-content/uploads/2023/02/20210226_104057-1920x2560.jpg,schody
IMG0071,https://lumargo.pl/wp-content/uploads/2023/02/20201008_140741-1920x910.jpg,schody
IMG0072,https://lumargo.pl/wp-content/uploads/2023/02/20200727_161203-1920x910.jpg,schody
IMG0073,https://lumargo.pl/wp-content/uploads/2023/02/20200811_170314-1920x910.jpg,schody
IMG0074,https://lumargo.pl/wp-content/uploads/2023/02/20210624_170007-1920x1440.jpg,schody
IMG0075,https://lumargo.pl/wp-content/uploads/2023/02/20200727_131351-1920x910.jpg,schody
IMG0076,https://lumargo.pl/wp-content/uploads/2023/02/FB_IMG_1589827768977.jpg,schody
IMG0077,https://lumargo.pl/wp-content/uploads/2023/02/20220831_140439-1920x1464.jpg,nagrobki
IMG0078,https://lumargo.pl/wp-content/uploads/2023/02/IMG_5831-1920x2180.jpg,nagrobki
IMG0079,https://lumargo.pl/wp-content/uploads/2023/02/IMG_5440-1920x1440.jpg,nagrobki
IMG0080,https://lumargo.pl/wp-content/uploads/2023/02/IMG_5416-1024x768-1.jpg,nagrobki
IMG0081,https://lumargo.pl/wp-content/uploads/2023/02/IMG_3585-e1510780822334-1024x768-1-rotated-e1675954163130.jpg,nagrobki
IMG0082,https://lumargo.pl/wp-content/uploads/2023/02/IMG_2576-1024x768-1-rotated.jpg,nagrobki
IMG0083,https://lumargo.pl/wp-content/uploads/2023/02/IMG_3349-1920x2560.jpg,nagrobki
IMG0084,https://lumargo.pl/wp-content/uploads/2023/02/IMG_1541-1024x768-1-rotated.jpg,nagrobki
IMG0085,https://lumargo.pl/wp-content/uploads/2023/02/IMG_0991-e1467450545842-1024x1024-1-rotated-e1675954182220.jpg,nagrobki
IMG0086,https://lumargo.pl/wp-content/uploads/2023/02/IMAG0161-574x1024-1.jpg,nagrobki
IMG0087,https://lumargo.pl/wp-content/uploads/2023/02/DSC02363-1024x768-1.jpg,nagrobki
IMG0088,https://lumargo.pl/wp-content/uploads/2023/02/Ar10519_20130325T231907-974-e1428579927668.jpg,nagrobki
IMG0089,https://lumargo.pl/wp-content/uploads/2023/02/20121031941-1024x574-1.jpg,nagrobki
IMG0090,https://lumargo.pl/wp-content/uploads/2023/02/20121003919-1024x574-1.jpg,nagrobki
IMG0091,https://lumargo.pl/wp-content/uploads/2023/02/20120921916-1024x574-1.jpg,nagrobki
IMG0092,https://lumargo.pl/wp-content/uploads/2023/02/20150626_185718-1024x768-1-rotated.jpg,nagrobki
IMG0093,https://lumargo.pl/wp-content/uploads/2023/02/20150626_185504-1024x768-1.jpg,nagrobki
IMG0094,https://lumargo.pl/wp-content/uploads/2023/02/20150525_182901-1024x768-1-rotated.jpg,nagrobki
IMG0095,https://lumargo.pl/wp-content/uploads/2023/02/20150522_144945-1024x768-1.jpg,nagrobki
IMG0096,https://lumargo.pl/wp-content/uploads/2023/02/20150515_130437-1024x768-1-rotated.jpg,nagrobki
IMG0097,https://lumargo.pl/wp-content/uploads/2023/02/20150403_082036-e1428579115420-1024x768-1-rotated-e1675954200114.jpg,nagrobki
IMG0098,https://lumargo.pl/wp-content/uploads/2023/02/20140701_174138-1024x768-1.jpg,nagrobki
IMG0099,https://lumargo.pl/wp-content/uploads/2023/02/20140627_163242-1024x768-1-rotated.jpg,nagrobki
IMG0100,https://lumargo.pl/wp-content/uploads/2023/02/20140512_092450-1024x768-1.jpg,nagrobki
IMG0101,https://lumargo.pl/wp-content/uploads/2023/02/20130705_161839-1024x768-1.jpg,nagrobki
IMG0102,https://lumargo.pl/wp-content/uploads/2023/02/20130629_170735-768x1024-1.jpg,nagrobki
IMG0103,https://lumargo.pl/wp-content/uploads/2023/02/2013-04-26-051-1024x574-1.jpg,nagrobki
IMG0104,https://lumargo.pl/wp-content/uploads/2023/02/20220630_120356-1920x909.jpg,nagrobki
IMG0105,https://lumargo.pl/wp-content/uploads/2023/02/20220413_170801-scaled.jpg,nagrobki
IMG0106,https://lumargo.pl/wp-content/uploads/2023/02/20210930_171026-1920x4051.jpg,nagrobki
IMG0107,https://lumargo.pl/wp-content/uploads/2023/02/20210914_133651-1920x910.jpg,nagrobki
IMG0108,https://lumargo.pl/wp-content/uploads/2023/02/20210714_140118-1920x909.jpg,nagrobki
IMG0109,https://lumargo.pl/wp-content/uploads/2023/02/20210430_162648-1920x2560.jpg,nagrobki
IMG0110,https://lumargo.pl/wp-content/uploads/2023/02/20201024_165516-scaled.jpg,nagrobki
IMG0111,https://lumargo.pl/wp-content/uploads/2023/02/20201021_144220-1920x910.jpg,nagrobki
IMG0112,https://lumargo.pl/wp-content/uploads/2023/02/20200907_110632-1920x909.jpg,nagrobki
IMG0113,https://lumargo.pl/wp-content/uploads/2023/02/IMG_1112-1920x2560.jpeg,nagrobki
IMG0114,https://lumargo.pl/wp-content/uploads/2023/02/IMG_4301-1024x768-1-rotated.jpg,posadzki
IMG0115,https://lumargo.pl/wp-content/uploads/2023/02/IMG_4300-1024x768-1.jpg,posadzki
IMG0116,https://lumargo.pl/wp-content/uploads/2023/02/IMG_4298-1024x768-1.jpg,posadzki
IMG0117,https://lumargo.pl/wp-content/uploads/2023/02/IMG_4290-1024x768-1.jpg,posadzki
IMG0118,https://lumargo.pl/wp-content/uploads/2023/02/IMG_4190-1024x768-1-rotated.jpg,posadzki
IMG0119,https://lumargo.pl/wp-content/uploads/2023/02/DSC_1147-1024x680-1.jpg,posadzki
IMG0120,https://lumargo.pl/wp-content/uploads/2023/02/DSC_1138-1920x1275.jpg,posadzki
IMG0121,https://lumargo.pl/wp-content/uploads/2023/02/DSC_1104-680x1024-1.jpg,posadzki
IMG0122,https://lumargo.pl/wp-content/uploads/2023/02/13434877_1030093593710783_2550775385409870612_n.jpg,posadzki
IMG0123,https://lumargo.pl/wp-content/uploads/2023/02/12670279_956255631094580_2399089090232716264_n.jpg,posadzki
IMG0124,https://lumargo.pl/wp-content/uploads/2023/02/12037938_911168462269964_4434356023060729442_n.jpg,posadzki
IMG0125,https://lumargo.pl/wp-content/uploads/2023/02/11811479_874758502577627_4874620359077333491_n.jpg,posadzki
IMG0126,https://lumargo.pl/wp-content/uploads/2023/02/11204874_832523753467769_5001993930083453413_n.jpg,posadzki
IMG0127,https://lumargo.pl/wp-content/uploads/2023/02/1017525_832522676801210_2912700471512545273_n.jpg,posadzki
IMG0128,https://lumargo.pl/wp-content/uploads/2023/02/DSC02417-1024x768-1.jpg,elewacje
IMG0129,https://lumargo.pl/wp-content/uploads/2023/02/DSC_1188-1024x680-1.jpg,elewacje
IMG0130,https://lumargo.pl/wp-content/uploads/2023/02/DSC_1172-1024x680-1.jpg,elewacje
IMG0131,https://lumargo.pl/wp-content/uploads/2023/02/21022013017-1024x448-1.jpg,elewacje
IMG0132,https://lumargo.pl/wp-content/uploads/2023/02/21022013012-1024x755-1.jpg,elewacje
IMG0133,https://lumargo.pl/wp-content/uploads/2023/02/20130802_144302-1024x661-1.jpg,elewacje
IMG0134,https://lumargo.pl/wp-content/uploads/2023/02/20200929_104557-1-1-1920x909.jpg,elewacje
IMG0135,https://lumargo.pl/wp-content/uploads/2023/02/20200929_104715-1920x910.jpg,elewacje
IMG0136,https://lumargo.pl/wp-content/uploads/2023/02/20210225_095702-1920x1440.jpg,kominki
IMG0137,https://lumargo.pl/wp-content/uploads/2023/02/DSC03709-1920x1072.jpg,kominki
IMG0138,https://lumargo.pl/wp-content/uploads/2023/02/DSC03708-1024x638-1.jpg,kominki
IMG0139,https://lumargo.pl/wp-content/uploads/2023/02/DSC_1098-1920x1275.jpg,kominki
IMG0140,https://lumargo.pl/wp-content/uploads/2023/02/DSC_0065-scaled.jpg,kominki
IMG0141,https://lumargo.pl/wp-content/uploads/2023/02/20150210_113156-1920x1440.jpg,kominki
IMG0142,https://lumargo.pl/wp-content/uploads/2023/02/20150210_113135-1920x1440.jpg,kominki
IMG0143,https://lumargo.pl/wp-content/uploads/2023/02/13393970_1030093693710773_7870197288733529318_n.jpg,kominki
IMG0144,https://lumargo.pl/wp-content/uploads/2023/02/13466088_1030093670377442_7675113228169387250_n-300x225-1.jpg,kominki
IMG0145,https://lumargo.pl/wp-content/uploads/2023/02/20210508_105955-1920x2560.jpg,lazienki
IMG0146,https://lumargo.pl/wp-content/uploads/2023/02/20211030_151509-1920x909.jpg,lazienki
IMG0147,https://lumargo.pl/wp-content/uploads/2023/02/12717641_956257427761067_2073131710740062980_n.jpg,lazienki
IMG0148,https://lumargo.pl/wp-content/uploads/2023/02/12728951_956270761093067_2801968233772136397_n.jpg,lazienki
IMG0149,https://lumargo.pl/wp-content/uploads/2023/02/20130222_171947-761x1024-1.jpg,lazienki
IMG0150,https://lumargo.pl/wp-content/uploads/2023/02/20130222_172227-1024x768-1.jpg,lazienki
IMG0151,https://lumargo.pl/wp-content/uploads/2023/02/DSC_1156-680x1024-1.jpg,lazienki
IMG0152,https://lumargo.pl/wp-content/uploads/2023/02/DSC_1162-1024x680-1.jpg,lazienki
IMG0153,https://lumargo.pl/wp-content/uploads/2023/02/DSC_1163-1024x680-1.jpg,lazienki
IMG0154,https://lumargo.pl/wp-content/uploads/2023/02/IMG_5088-1024x682-1.jpg,lazienki
